visitor_identifier,first_auth_timestamp
vis_005498,2024-01-02 15:27:38
vis_000607,2024-01-02 19:23:29
vis_006336,2024-01-02 20:52:48
vis_004588,2024-01-03 07:34:30
vis_003637,2024-01-03 11:01:14
vis_000758,2024-01-03 11:35:03
vis_001521,2024-01-03 15:02:55
vis_000120,2024-01-03 17:42:39
vis_003103,2024-01-03 20:26:48
vis_000713,2024-01-03 22:21:29
vis_004589,2024-01-04 00:23:02
vis_007201,2024-01-04 00:41:53
vis_002262,2024-01-04 01:10:36
vis_005556,2024-01-04 02:52:07
vis_005904,2024-01-04 06:14:41
vis_006094,2024-01-04 07:18:22
vis_001720,2024-01-04 09:07:43
vis_002689,2024-01-04 10:49:22
vis_006281,2024-01-04 11:13:01
vis_000930,2024-01-04 11:38:58
vis_006306,2024-01-04 12:40:26
vis_001372,2024-01-04 13:56:47
vis_002435,2024-01-04 16:20:54
vis_002983,2024-01-04 17:56:49
vis_004309,2024-01-05 01:56:06
vis_000900,2024-01-05 03:01:11
vis_001695,2024-01-05 03:20:53
vis_006998,2024-01-05 04:46:06
vis_002903,2024-01-05 06:33:35
vis_004013,2024-01-05 08:41:52
vis_006738,2024-01-05 08:46:09
vis_004741,2024-01-05 10:26:05
vis_004284,2024-01-05 10:51:43
vis_002055,2024-01-05 10:59:49
vis_004124,2024-01-05 11:23:07
vis_007225,2024-01-05 12:59:45
vis_004964,2024-01-05 13:47:29
vis_001919,2024-01-05 14:26:25
vis_001300,2024-01-05 15:04:18
vis_004275,2024-01-05 15:33:03
vis_006467,2024-01-05 16:21:25
vis_002335,2024-01-05 22:20:13
vis_003040,2024-01-05 23:43:35
vis_007063,2024-01-06 00:47:52
vis_005597,2024-01-06 01:36:16
vis_000633,2024-01-06 01:59:08
vis_000233,2024-01-06 03:28:27
vis_005718,2024-01-06 07:12:50
vis_004416,2024-01-06 08:14:02
vis_001516,2024-01-06 08:36:16
vis_007883,2024-01-06 09:13:41
vis_000534,2024-01-06 09:28:32
vis_000719,2024-01-06 10:11:25
vis_000631,2024-01-06 11:15:55
vis_003012,2024-01-06 15:48:57
vis_005953,2024-01-06 15:54:27
vis_004131,2024-01-06 16:50:16
vis_004338,2024-01-06 17:50:57
vis_004530,2024-01-06 18:03:57
vis_002481,2024-01-06 18:15:11
vis_007185,2024-01-06 20:17:04
vis_003088,2024-01-06 23:03:04
vis_002120,2024-01-07 00:46:50
vis_006683,2024-01-07 03:28:22
vis_003584,2024-01-07 03:46:12
vis_000681,2024-01-07 09:54:00
vis_002826,2024-01-07 11:18:23
vis_005570,2024-01-07 12:09:53
vis_007352,2024-01-07 14:32:23
vis_006616,2024-01-07 14:36:25
vis_005631,2024-01-07 14:43:25
vis_001435,2024-01-07 14:48:47
vis_004945,2024-01-07 15:59:42
vis_004738,2024-01-07 17:14:23
vis_005926,2024-01-07 17:27:35
vis_006132,2024-01-07 17:36:16
vis_001211,2024-01-07 18:00:41
vis_006849,2024-01-07 18:31:16
vis_006472,2024-01-07 21:56:17
vis_003080,2024-01-07 22:30:24
vis_007474,2024-01-07 23:09:33
vis_007631,2024-01-07 23:47:05
vis_005174,2024-01-08 00:05:30
vis_005589,2024-01-08 00:23:08
vis_005739,2024-01-08 01:05:43
vis_000544,2024-01-08 02:03:18
vis_006604,2024-01-08 03:32:47
vis_002718,2024-01-08 03:45:32
vis_001419,2024-01-08 03:53:48
vis_004379,2024-01-08 05:50:15
vis_002089,2024-01-08 07:21:44
vis_000343,2024-01-08 08:11:09
vis_007291,2024-01-08 08:44:23
vis_002629,2024-01-08 11:17:51
vis_001139,2024-01-08 12:27:39
vis_006776,2024-01-08 12:34:13
vis_005811,2024-01-08 14:55:21
vis_000682,2024-01-08 15:38:00
vis_001591,2024-01-08 15:44:46
vis_002549,2024-01-08 17:40:30
vis_006079,2024-01-08 17:56:06
vis_000899,2024-01-08 18:15:50
vis_007829,2024-01-08 19:05:42
vis_005816,2024-01-08 19:43:01
vis_003127,2024-01-08 20:16:10
vis_000170,2024-01-08 23:35:52
vis_006360,2024-01-09 00:27:55
vis_004581,2024-01-09 02:53:09
vis_007135,2024-01-09 03:16:08
vis_002555,2024-01-09 03:31:30
vis_003269,2024-01-09 03:52:24
vis_000700,2024-01-09 05:11:35
vis_005282,2024-01-09 05:26:38
vis_007520,2024-01-09 06:28:13
vis_005703,2024-01-09 07:44:42
vis_000344,2024-01-09 07:53:53
vis_004736,2024-01-09 10:06:39
vis_004247,2024-01-09 11:45:37
vis_002620,2024-01-09 11:51:11
vis_002985,2024-01-09 12:02:29
vis_006883,2024-01-09 12:57:54
vis_004706,2024-01-09 13:28:43
vis_005790,2024-01-09 19:52:46
vis_005748,2024-01-09 20:52:30
vis_001736,2024-01-09 20:52:32
vis_004941,2024-01-09 20:53:54
vis_000514,2024-01-09 21:06:21
vis_003085,2024-01-09 21:10:28
vis_000592,2024-01-09 21:15:28
vis_001378,2024-01-10 00:26:31
vis_000037,2024-01-10 00:46:39
vis_007351,2024-01-10 01:09:37
vis_001706,2024-01-10 03:38:30
vis_004809,2024-01-10 04:47:24
vis_006977,2024-01-10 05:13:37
vis_007846,2024-01-10 05:34:31
vis_000276,2024-01-10 05:45:39
vis_006141,2024-01-10 08:08:55
vis_003263,2024-01-10 10:24:00
vis_003661,2024-01-10 10:38:27
vis_005406,2024-01-10 13:30:33
vis_007855,2024-01-10 13:45:45
vis_005887,2024-01-10 14:24:16
vis_006325,2024-01-10 15:40:15
vis_002392,2024-01-10 16:44:52
vis_006446,2024-01-10 18:18:24
vis_000689,2024-01-10 21:17:56
vis_000824,2024-01-10 21:54:05
vis_007952,2024-01-11 01:27:48
vis_001234,2024-01-11 01:34:24
vis_002274,2024-01-11 02:54:24
vis_006717,2024-01-11 02:58:20
vis_007111,2024-01-11 04:12:22
vis_006149,2024-01-11 05:30:55
vis_003994,2024-01-11 06:14:48
vis_002850,2024-01-11 06:41:41
vis_004324,2024-01-11 07:15:18
vis_002569,2024-01-11 09:50:06
vis_004410,2024-01-11 10:08:30
vis_004307,2024-01-11 10:52:35
vis_002465,2024-01-11 11:28:51
vis_005922,2024-01-11 11:42:58
vis_002962,2024-01-11 14:16:58
vis_000158,2024-01-11 15:26:34
vis_005937,2024-01-11 22:05:16
vis_002415,2024-01-11 23:45:25
vis_005720,2024-01-12 01:18:52
vis_007700,2024-01-12 02:07:09
vis_004735,2024-01-12 03:43:53
vis_006585,2024-01-12 06:26:05
vis_002702,2024-01-12 11:18:39
vis_005853,2024-01-12 11:33:35
vis_000033,2024-01-12 11:40:04
vis_005897,2024-01-12 12:26:19
vis_001460,2024-01-12 12:56:16
vis_006385,2024-01-12 17:25:59
vis_004988,2024-01-12 20:36:49
vis_003425,2024-01-12 21:02:38
vis_004341,2024-01-12 22:55:49
vis_001872,2024-01-12 23:25:50
vis_003093,2024-01-13 01:44:46
vis_000509,2024-01-13 02:14:32
vis_002820,2024-01-13 03:15:40
vis_005809,2024-01-13 05:38:39
vis_005057,2024-01-13 05:56:38
vis_004510,2024-01-13 06:53:17
vis_006250,2024-01-13 08:28:56
vis_005910,2024-01-13 09:19:35
vis_001878,2024-01-13 09:19:35
vis_006128,2024-01-13 11:55:10
vis_006137,2024-01-13 13:26:07
vis_004469,2024-01-13 13:40:22
vis_000872,2024-01-13 17:00:57
vis_003362,2024-01-13 19:04:19
vis_003865,2024-01-13 19:40:21
vis_001155,2024-01-13 21:34:21
vis_002972,2024-01-13 21:43:48
vis_001124,2024-01-13 21:51:51
vis_001700,2024-01-13 23:32:35
vis_004470,2024-01-13 23:47:02
vis_005775,2024-01-13 23:56:35
vis_006140,2024-01-14 00:11:30
vis_004886,2024-01-14 00:26:16
vis_000585,2024-01-14 01:43:29
vis_005528,2024-01-14 01:45:18
vis_007993,2024-01-14 02:56:13
vis_001874,2024-01-14 03:14:05
vis_007675,2024-01-14 04:11:39
vis_007247,2024-01-14 05:06:26
vis_005621,2024-01-14 06:49:37
vis_003097,2024-01-14 07:08:59
vis_001959,2024-01-14 07:23:19
vis_001820,2024-01-14 07:42:23
vis_004696,2024-01-14 10:46:30
vis_005411,2024-01-14 11:35:21
vis_005197,2024-01-14 12:24:16
vis_000226,2024-01-14 14:48:03
vis_005250,2024-01-14 15:51:04
vis_000133,2024-01-14 17:39:50
vis_005371,2024-01-14 19:10:51
vis_007717,2024-01-14 21:06:30
vis_005555,2024-01-14 22:20:31
vis_003861,2024-01-15 02:09:10
vis_006101,2024-01-15 04:30:08
vis_002395,2024-01-15 06:49:08
vis_003968,2024-01-15 12:30:51
vis_000692,2024-01-15 13:42:51
vis_003624,2024-01-15 15:53:15
vis_006867,2024-01-15 19:09:03
vis_004044,2024-01-15 20:31:49
vis_005671,2024-01-15 21:47:29
vis_001768,2024-01-15 22:58:21
vis_006695,2024-01-16 01:27:37
vis_006552,2024-01-16 02:23:43
vis_001450,2024-01-16 02:40:47
vis_001911,2024-01-16 03:15:30
vis_002456,2024-01-16 03:38:21
vis_007847,2024-01-16 04:18:40
vis_003249,2024-01-16 05:14:33
vis_004520,2024-01-16 05:41:42
vis_002176,2024-01-16 07:08:07
vis_002644,2024-01-16 07:31:16
vis_004409,2024-01-16 10:35:00
vis_007183,2024-01-16 11:29:09
vis_000458,2024-01-16 11:41:53
vis_005280,2024-01-16 12:11:38
vis_002546,2024-01-16 12:53:26
vis_007270,2024-01-16 13:07:07
vis_005905,2024-01-16 13:50:28
vis_006024,2024-01-16 15:56:37
vis_005470,2024-01-16 16:38:27
vis_003030,2024-01-16 17:08:23
vis_005231,2024-01-16 19:33:00
vis_004187,2024-01-16 20:28:36
vis_004172,2024-01-16 22:44:18
vis_003464,2024-01-17 03:18:25
vis_002285,2024-01-17 04:13:29
vis_003725,2024-01-17 05:26:38
vis_005491,2024-01-17 05:32:18
vis_000331,2024-01-17 09:10:31
vis_001039,2024-01-17 12:02:24
vis_004120,2024-01-17 12:26:51
vis_005514,2024-01-17 14:45:52
vis_007315,2024-01-17 15:39:03
vis_006226,2024-01-17 16:56:21
vis_000101,2024-01-17 17:00:44
vis_006220,2024-01-17 18:32:57
vis_004788,2024-01-17 18:50:52
vis_004042,2024-01-17 20:13:41
vis_007304,2024-01-17 22:19:36
vis_000694,2024-01-18 01:04:16
vis_006584,2024-01-18 02:54:49
vis_003939,2024-01-18 03:46:58
vis_001847,2024-01-18 05:20:08
vis_002420,2024-01-18 05:23:50
vis_001608,2024-01-18 06:22:16
vis_003739,2024-01-18 07:42:06
vis_007594,2024-01-18 08:46:07
vis_007734,2024-01-18 10:48:51
vis_001401,2024-01-18 13:41:46
vis_004004,2024-01-18 13:49:16
vis_001271,2024-01-18 14:14:28
vis_002665,2024-01-18 15:41:23
vis_003581,2024-01-18 16:13:29
vis_000258,2024-01-18 16:13:44
vis_004703,2024-01-18 16:27:33
vis_004702,2024-01-18 17:17:34
vis_007792,2024-01-18 18:19:23
vis_006755,2024-01-18 18:57:39
vis_006938,2024-01-18 19:26:41
vis_005169,2024-01-18 19:29:19
vis_001764,2024-01-18 20:06:55
vis_000429,2024-01-18 20:55:06
vis_004679,2024-01-18 21:14:38
vis_003272,2024-01-18 22:48:15
vis_006176,2024-01-19 02:10:02
vis_007125,2024-01-19 02:52:01
vis_001362,2024-01-19 04:19:04
vis_006936,2024-01-19 06:29:29
vis_003866,2024-01-19 07:12:30
vis_000141,2024-01-19 09:37:46
vis_001723,2024-01-19 10:59:21
vis_000215,2024-01-19 11:26:11
vis_005987,2024-01-19 12:46:31
vis_000018,2024-01-19 13:22:31
vis_003055,2024-01-19 13:23:14
vis_007666,2024-01-19 18:42:01
vis_004872,2024-01-19 18:57:53
vis_001861,2024-01-19 19:10:24
vis_005701,2024-01-19 19:44:40
vis_003096,2024-01-19 20:59:48
vis_006741,2024-01-19 23:27:06
vis_002763,2024-01-20 00:50:19
vis_001731,2024-01-20 03:58:19
vis_001798,2024-01-20 06:58:01
vis_004521,2024-01-20 07:33:38
vis_000912,2024-01-20 14:18:25
vis_001103,2024-01-20 15:57:03
vis_002605,2024-01-20 16:33:29
vis_002471,2024-01-20 17:40:41
vis_001559,2024-01-20 18:04:45
vis_002923,2024-01-20 18:20:59
vis_003651,2024-01-20 20:10:06
vis_002349,2024-01-20 23:59:32
vis_007676,2024-01-21 00:44:29
vis_006145,2024-01-21 02:21:45
vis_006846,2024-01-21 03:03:59
vis_002157,2024-01-21 04:02:38
vis_000447,2024-01-21 05:43:42
vis_005414,2024-01-21 09:49:25
vis_001417,2024-01-21 10:29:05
vis_001670,2024-01-21 10:43:29
vis_003740,2024-01-21 10:54:40
vis_002052,2024-01-21 13:20:32
vis_001256,2024-01-21 17:17:23
vis_006991,2024-01-21 18:12:00
vis_003495,2024-01-21 18:37:16
vis_005573,2024-01-21 18:50:13
vis_001442,2024-01-21 20:15:36
vis_000068,2024-01-21 23:21:59
vis_000067,2024-01-22 01:49:59
vis_006205,2024-01-22 03:54:08
vis_001430,2024-01-22 04:19:36
vis_000698,2024-01-22 04:41:16
vis_007749,2024-01-22 05:04:04
vis_004104,2024-01-22 05:51:07
vis_006573,2024-01-22 07:47:59
vis_005929,2024-01-22 08:42:47
vis_007122,2024-01-22 11:25:10
vis_004727,2024-01-22 11:49:40
vis_004857,2024-01-22 12:11:17
vis_001299,2024-01-22 14:19:16
vis_005065,2024-01-22 14:57:39
vis_001212,2024-01-22 16:44:24
vis_006377,2024-01-22 17:27:53
vis_001289,2024-01-22 17:38:42
vis_007157,2024-01-22 17:51:08
vis_002657,2024-01-22 18:14:23
vis_007587,2024-01-22 18:21:40
vis_003979,2024-01-22 19:37:32
vis_002105,2024-01-22 19:59:30
vis_003105,2024-01-22 21:43:58
vis_004671,2024-01-22 22:38:30
vis_006232,2024-01-22 22:59:06
vis_004054,2024-01-23 00:12:34
vis_006576,2024-01-23 00:14:57
vis_002770,2024-01-23 00:20:16
vis_004856,2024-01-23 06:25:07
vis_007505,2024-01-23 07:15:27
vis_002670,2024-01-23 07:21:07
vis_007586,2024-01-23 08:34:02
vis_003070,2024-01-23 10:39:33
vis_006522,2024-01-23 12:07:47
vis_004318,2024-01-23 16:24:41
vis_002146,2024-01-23 17:42:43
vis_004697,2024-01-23 19:33:07
vis_004816,2024-01-23 19:43:19
vis_002429,2024-01-24 00:06:24
vis_002387,2024-01-24 01:50:47
vis_006757,2024-01-24 06:43:05
vis_007075,2024-01-24 07:07:03
vis_004045,2024-01-24 09:21:55
vis_005758,2024-01-24 10:13:56
vis_000636,2024-01-24 10:21:13
vis_000077,2024-01-24 10:29:00
vis_002018,2024-01-24 11:33:49
vis_003799,2024-01-24 12:00:35
vis_006648,2024-01-24 12:44:15
vis_004195,2024-01-24 13:59:31
vis_001011,2024-01-24 14:20:57
vis_007694,2024-01-24 14:25:10
vis_000126,2024-01-24 15:03:14
vis_003954,2024-01-24 16:21:41
vis_006523,2024-01-24 16:54:46
vis_000381,2024-01-24 18:59:06
vis_000767,2024-01-24 19:20:31
vis_006512,2024-01-24 19:26:42
vis_005117,2024-01-24 19:26:51
vis_001834,2024-01-24 20:00:00
vis_003095,2024-01-24 21:37:29
vis_007678,2024-01-24 22:29:17
vis_007742,2024-01-24 22:43:05
vis_002152,2024-01-25 04:00:45
vis_002011,2024-01-25 05:12:54
vis_007791,2024-01-25 09:38:36
vis_003934,2024-01-25 09:48:02
vis_000279,2024-01-25 10:04:38
vis_004646,2024-01-25 12:29:25
vis_003687,2024-01-25 16:21:23
vis_005743,2024-01-25 17:25:24
vis_007164,2024-01-25 18:27:32
vis_007303,2024-01-25 20:33:36
vis_003999,2024-01-25 23:02:53
vis_007706,2024-01-26 00:22:27
vis_001439,2024-01-26 02:12:03
vis_006528,2024-01-26 02:35:18
vis_007533,2024-01-26 03:28:05
vis_007316,2024-01-26 03:31:22
vis_002082,2024-01-26 06:06:47
vis_000883,2024-01-26 06:16:05
vis_000598,2024-01-26 06:26:07
vis_001625,2024-01-26 07:00:35
vis_001727,2024-01-26 09:16:51
vis_007060,2024-01-26 12:01:11
vis_007668,2024-01-26 12:13:26
vis_003305,2024-01-26 13:35:28
vis_002918,2024-01-26 15:18:45
vis_002734,2024-01-26 15:24:24
vis_004408,2024-01-26 16:11:35
vis_005548,2024-01-26 16:12:35
vis_001319,2024-01-26 16:14:02
vis_000055,2024-01-26 18:18:57
vis_002956,2024-01-26 18:40:08
vis_003283,2024-01-26 19:58:00
vis_000727,2024-01-26 21:07:04
vis_005580,2024-01-26 22:09:21
vis_000936,2024-01-26 22:24:38
vis_003110,2024-01-26 22:28:41
vis_000235,2024-01-26 23:06:20
vis_005210,2024-01-26 23:59:42
vis_003890,2024-01-27 01:43:21
vis_005614,2024-01-27 02:40:35
vis_002366,2024-01-27 03:29:59
vis_003328,2024-01-27 03:44:24
vis_004180,2024-01-27 05:44:08
vis_001686,2024-01-27 06:07:24
vis_004633,2024-01-27 06:39:58
vis_007839,2024-01-27 08:19:42
vis_006006,2024-01-27 08:26:52
vis_001882,2024-01-27 08:29:07
vis_004845,2024-01-27 10:39:54
vis_007527,2024-01-27 12:35:09
vis_005877,2024-01-27 12:35:43
vis_004908,2024-01-27 12:55:19
vis_002694,2024-01-27 14:06:25
vis_004685,2024-01-27 14:39:32
vis_006303,2024-01-27 14:40:28
vis_006277,2024-01-27 14:58:31
vis_002427,2024-01-27 17:43:21
vis_005416,2024-01-27 18:03:26
vis_002624,2024-01-27 18:26:12
vis_005620,2024-01-27 18:32:31
vis_007146,2024-01-27 19:22:46
vis_003647,2024-01-27 19:28:52
vis_003189,2024-01-27 19:43:51
vis_001305,2024-01-27 19:54:01
vis_003226,2024-01-27 23:01:33
vis_001513,2024-01-28 00:45:25
vis_007460,2024-01-28 03:06:15
vis_004423,2024-01-28 03:37:24
vis_001936,2024-01-28 04:41:38
vis_005296,2024-01-28 05:09:14
vis_000535,2024-01-28 05:50:34
vis_004011,2024-01-28 06:19:23
vis_000997,2024-01-28 06:33:46
vis_007506,2024-01-28 06:58:04
vis_004378,2024-01-28 06:59:14
vis_001715,2024-01-28 07:35:11
vis_004007,2024-01-28 07:54:22
vis_007810,2024-01-28 08:17:38
vis_001489,2024-01-28 08:50:44
vis_007321,2024-01-28 09:40:03
vis_007155,2024-01-28 10:19:52
vis_000475,2024-01-28 10:26:05
vis_005267,2024-01-28 11:10:23
vis_004246,2024-01-28 13:16:17
vis_000467,2024-01-28 16:30:08
vis_001069,2024-01-28 17:40:50
vis_003606,2024-01-28 22:16:16
vis_003505,2024-01-28 22:23:25
vis_002219,2024-01-28 23:12:03
vis_000115,2024-01-28 23:32:49
vis_003929,2024-01-29 00:27:06
vis_000743,2024-01-29 05:04:41
vis_006927,2024-01-29 05:34:42
vis_001593,2024-01-29 05:57:50
vis_003927,2024-01-29 06:23:58
vis_004915,2024-01-29 07:41:05
vis_007850,2024-01-29 07:46:09
vis_001381,2024-01-29 08:42:59
vis_007690,2024-01-29 10:08:46
vis_007039,2024-01-29 10:15:35
vis_002507,2024-01-29 11:36:31
vis_002773,2024-01-29 13:22:53
vis_004577,2024-01-29 13:46:45
vis_007158,2024-01-29 14:35:25
vis_007559,2024-01-29 20:24:36
vis_007593,2024-01-29 22:10:32
vis_007881,2024-01-29 22:49:27
vis_007715,2024-01-29 23:09:07
vis_001052,2024-01-30 05:54:36
vis_005914,2024-01-30 07:52:45
vis_005740,2024-01-30 08:37:40
vis_003182,2024-01-30 09:51:48
vis_005815,2024-01-30 10:30:38
vis_002729,2024-01-30 11:01:34
vis_007895,2024-01-30 13:56:31
vis_004962,2024-01-30 15:48:59
vis_007209,2024-01-30 18:05:16
vis_003431,2024-01-30 23:31:57
vis_000028,2024-01-31 00:49:14
vis_003875,2024-01-31 02:23:03
vis_000650,2024-01-31 03:18:21
vis_003924,2024-01-31 03:39:35
vis_001761,2024-01-31 05:32:18
vis_006477,2024-01-31 07:04:00
vis_002307,2024-01-31 07:33:13
vis_001098,2024-01-31 09:27:22
vis_003502,2024-01-31 11:53:46
vis_005660,2024-01-31 12:03:52
vis_007362,2024-01-31 14:18:26
vis_005357,2024-01-31 14:19:50
vis_006896,2024-01-31 14:21:18
vis_001755,2024-01-31 16:11:14
vis_000833,2024-01-31 19:52:23
vis_001678,2024-01-31 21:10:46
vis_002046,2024-01-31 22:55:12
vis_001673,2024-02-01 00:58:07
vis_002088,2024-02-01 02:05:57
vis_003547,2024-02-01 02:28:59
vis_007290,2024-02-01 02:43:12
vis_001741,2024-02-01 02:57:00
vis_003141,2024-02-01 03:38:59
vis_002092,2024-02-01 03:53:59
vis_006337,2024-02-01 05:18:20
vis_000953,2024-02-01 06:05:45
vis_000934,2024-02-01 08:29:34
vis_001267,2024-02-01 08:47:53
vis_004242,2024-02-01 09:42:45
vis_005788,2024-02-01 13:36:32
vis_005157,2024-02-01 14:56:20
vis_002777,2024-02-01 16:29:08
vis_000468,2024-02-01 17:57:20
vis_007420,2024-02-01 21:00:23
vis_006563,2024-02-01 22:31:44
vis_004723,2024-02-01 22:43:07
vis_005120,2024-02-01 23:44:29
vis_007378,2024-02-01 23:51:59
vis_005351,2024-02-02 00:17:13
vis_006577,2024-02-02 01:55:10
vis_003963,2024-02-02 03:37:19
vis_007774,2024-02-02 05:07:41
vis_006855,2024-02-02 06:15:17
vis_004368,2024-02-02 06:22:29
vis_002080,2024-02-02 08:52:52
vis_004097,2024-02-02 09:24:02
vis_003002,2024-02-02 11:44:32
vis_003604,2024-02-02 11:46:09
vis_005584,2024-02-02 12:53:45
vis_004891,2024-02-02 13:09:19
vis_005615,2024-02-02 13:14:04
vis_006027,2024-02-02 14:26:59
vis_000699,2024-02-02 15:23:24
vis_002049,2024-02-02 15:49:21
vis_004032,2024-02-02 17:18:09
vis_004768,2024-02-02 20:25:06
vis_002390,2024-02-03 00:20:14
vis_006878,2024-02-03 01:26:41
vis_001122,2024-02-03 01:54:40
vis_003401,2024-02-03 03:24:17
vis_002832,2024-02-03 03:25:27
vis_002941,2024-02-03 04:11:39
vis_002196,2024-02-03 08:13:00
vis_004899,2024-02-03 08:39:38
vis_005304,2024-02-03 08:59:02
vis_000432,2024-02-03 12:17:13
vis_005382,2024-02-03 13:36:57
vis_002302,2024-02-03 14:04:30
vis_006724,2024-02-03 14:58:27
vis_002111,2024-02-03 15:13:37
vis_004776,2024-02-03 16:15:35
vis_002861,2024-02-03 16:55:31
vis_006347,2024-02-03 17:15:42
vis_007744,2024-02-03 21:17:16
vis_000110,2024-02-03 21:31:36
vis_007059,2024-02-03 22:05:29
vis_004557,2024-02-03 22:37:34
vis_000500,2024-02-03 23:26:47
vis_000187,2024-02-04 00:50:51
vis_004023,2024-02-04 02:48:50
vis_007797,2024-02-04 03:51:53
vis_005151,2024-02-04 04:55:06
vis_005037,2024-02-04 05:50:02
vis_007094,2024-02-04 06:20:54
vis_001921,2024-02-04 06:28:55
vis_004301,2024-02-04 06:51:54
vis_002970,2024-02-04 07:33:14
vis_000370,2024-02-04 08:40:55
vis_004867,2024-02-04 10:23:46
vis_007558,2024-02-04 11:22:22
vis_007684,2024-02-04 14:57:46
vis_006097,2024-02-04 15:51:03
vis_007977,2024-02-04 15:56:42
vis_000933,2024-02-04 18:01:58
vis_006267,2024-02-04 19:46:12
vis_006338,2024-02-04 19:54:52
vis_005546,2024-02-04 21:04:39
vis_004189,2024-02-04 23:00:13
vis_006614,2024-02-05 04:24:12
vis_000270,2024-02-05 04:46:08
vis_004728,2024-02-05 04:49:08
vis_002988,2024-02-05 05:05:13
vis_002699,2024-02-05 05:19:17
vis_006357,2024-02-05 11:33:08
vis_000029,2024-02-05 12:17:30
vis_001304,2024-02-05 15:37:16
vis_000316,2024-02-05 16:24:47
vis_000938,2024-02-05 16:48:12
vis_003131,2024-02-05 16:58:46
vis_003871,2024-02-05 18:15:44
vis_007853,2024-02-05 18:37:21
vis_005689,2024-02-05 19:04:26
vis_003422,2024-02-05 21:10:29
vis_007804,2024-02-06 01:39:56
vis_001227,2024-02-06 01:59:33
vis_001935,2024-02-06 02:19:43
vis_005104,2024-02-06 02:42:22
vis_000998,2024-02-06 03:08:07
vis_005020,2024-02-06 03:15:25
vis_003788,2024-02-06 04:25:44
vis_005176,2024-02-06 04:31:44
vis_000851,2024-02-06 05:47:29
vis_007425,2024-02-06 05:48:55
vis_003850,2024-02-06 06:10:39
vis_007976,2024-02-06 06:41:20
vis_003699,2024-02-06 10:36:08
vis_002035,2024-02-06 12:22:34
vis_004901,2024-02-06 12:30:05
vis_004947,2024-02-06 13:28:33
vis_007999,2024-02-06 13:40:25
vis_006630,2024-02-06 14:54:02
vis_003956,2024-02-06 15:52:47
vis_001946,2024-02-06 17:55:41
vis_003340,2024-02-06 18:59:05
vis_003828,2024-02-06 20:45:32
vis_002712,2024-02-06 21:05:07
vis_003598,2024-02-06 21:18:51
vis_007106,2024-02-06 23:16:06
vis_006548,2024-02-06 23:24:57
vis_000250,2024-02-07 00:58:35
vis_006925,2024-02-07 01:00:05
vis_005869,2024-02-07 01:02:28
vis_006950,2024-02-07 04:21:24
vis_002779,2024-02-07 07:34:29
vis_002320,2024-02-07 07:37:51
vis_007066,2024-02-07 10:36:29
vis_006570,2024-02-07 13:16:14
vis_002958,2024-02-07 13:40:52
vis_004590,2024-02-07 14:01:33
vis_003485,2024-02-07 15:51:38
vis_007531,2024-02-07 16:37:07
vis_007867,2024-02-07 16:52:28
vis_005523,2024-02-07 17:24:04
vis_004467,2024-02-07 18:46:30
vis_005586,2024-02-07 18:57:21
vis_000971,2024-02-07 19:19:10
vis_003391,2024-02-07 19:58:11
vis_004020,2024-02-07 21:24:19
vis_007090,2024-02-07 23:06:59
vis_006011,2024-02-07 23:19:04
vis_000759,2024-02-08 00:41:54
vis_004144,2024-02-08 01:07:34
vis_000541,2024-02-08 04:48:14
vis_006636,2024-02-08 07:23:43
vis_005443,2024-02-08 12:57:22
vis_005407,2024-02-08 14:17:18
vis_002793,2024-02-08 17:50:22
vis_004545,2024-02-08 23:57:46
vis_000225,2024-02-09 06:10:56
vis_004843,2024-02-09 06:24:01
vis_006960,2024-02-09 06:39:04
vis_001415,2024-02-09 08:07:59
vis_007939,2024-02-09 08:12:38
vis_000295,2024-02-09 10:22:38
vis_006115,2024-02-09 11:49:44
vis_005517,2024-02-09 12:01:31
vis_005654,2024-02-09 12:14:04
vis_000660,2024-02-09 12:15:08
vis_006719,2024-02-09 13:01:46
vis_001395,2024-02-09 13:55:24
vis_001044,2024-02-09 14:09:27
vis_003667,2024-02-09 16:45:36
vis_002182,2024-02-09 17:22:54
vis_006469,2024-02-09 18:03:49
vis_007940,2024-02-09 18:42:10
vis_000386,2024-02-09 19:53:54
vis_006225,2024-02-09 20:26:24
vis_007763,2024-02-09 20:40:31
vis_002047,2024-02-09 21:10:36
vis_006553,2024-02-09 21:38:42
vis_002375,2024-02-10 02:30:12
vis_004595,2024-02-10 04:10:23
vis_001088,2024-02-10 04:28:47
vis_002261,2024-02-10 04:47:26
vis_007949,2024-02-10 06:35:09
vis_002659,2024-02-10 06:59:44
vis_004064,2024-02-10 07:26:40
vis_001361,2024-02-10 08:46:31
vis_005677,2024-02-10 12:38:38
vis_006485,2024-02-10 14:12:53
vis_001184,2024-02-10 16:26:16
vis_006742,2024-02-10 16:35:11
vis_004509,2024-02-10 17:20:48
vis_003614,2024-02-10 20:10:23
vis_006795,2024-02-10 22:07:38
vis_002180,2024-02-10 23:39:49
vis_005901,2024-02-11 03:21:57
vis_005428,2024-02-11 06:27:44
vis_002726,2024-02-11 07:26:35
vis_000116,2024-02-11 11:39:32
vis_005321,2024-02-11 14:34:17
vis_000951,2024-02-11 18:15:10
vis_007114,2024-02-11 19:24:57
vis_005208,2024-02-11 20:48:13
vis_001506,2024-02-11 21:54:31
vis_002414,2024-02-12 02:39:47
vis_001806,2024-02-12 03:00:24
vis_000772,2024-02-12 03:47:48
vis_002426,2024-02-12 05:54:54
vis_004468,2024-02-12 06:16:15
vis_002677,2024-02-12 06:21:41
vis_004311,2024-02-12 10:08:50
vis_002640,2024-02-12 10:13:10
vis_004458,2024-02-12 10:17:01
vis_001170,2024-02-12 10:47:06
vis_006032,2024-02-12 11:17:43
vis_002871,2024-02-12 11:38:11
vis_006222,2024-02-12 12:50:21
vis_007661,2024-02-12 13:27:46
vis_000119,2024-02-12 13:43:41
vis_005669,2024-02-12 13:44:29
vis_006709,2024-02-12 15:05:24
vis_002077,2024-02-12 15:39:21
vis_007635,2024-02-12 16:23:51
vis_002389,2024-02-12 16:59:36
vis_002494,2024-02-12 17:01:59
vis_003144,2024-02-12 18:24:36
vis_005485,2024-02-12 20:42:10
vis_001854,2024-02-12 22:59:52
vis_005710,2024-02-12 23:12:13
vis_004548,2024-02-13 01:57:31
vis_005191,2024-02-13 02:56:51
vis_003967,2024-02-13 03:19:09
vis_004224,2024-02-13 04:43:38
vis_007969,2024-02-13 06:25:56
vis_002177,2024-02-13 08:44:07
vis_004513,2024-02-13 10:13:06
vis_005641,2024-02-13 11:49:20
vis_005415,2024-02-13 12:03:36
vis_004650,2024-02-13 12:22:08
vis_007166,2024-02-13 13:43:20
vis_005136,2024-02-13 14:46:57
vis_000520,2024-02-13 15:56:15
vis_007056,2024-02-13 16:41:11
vis_007951,2024-02-13 18:03:47
vis_006242,2024-02-13 20:28:43
vis_006766,2024-02-13 20:54:12
vis_000914,2024-02-13 21:31:20
vis_001286,2024-02-13 21:42:26
vis_002885,2024-02-13 22:22:22
vis_005492,2024-02-14 01:25:42
vis_000387,2024-02-14 01:37:51
vis_000461,2024-02-14 01:58:37
vis_007522,2024-02-14 04:06:11
vis_001881,2024-02-14 04:33:51
vis_006945,2024-02-14 06:33:41
vis_001980,2024-02-14 08:35:01
vis_000961,2024-02-14 11:19:06
vis_000738,2024-02-14 12:47:02
vis_006659,2024-02-14 14:38:41
vis_003741,2024-02-14 14:48:28
vis_003909,2024-02-14 14:51:18
vis_003672,2024-02-14 15:34:25
vis_005194,2024-02-14 16:55:53
vis_003774,2024-02-14 21:07:37
vis_000181,2024-02-14 21:47:27
vis_000616,2024-02-14 22:24:26
vis_000452,2024-02-14 23:20:01
vis_002898,2024-02-15 00:00:57
vis_006371,2024-02-15 01:05:15
vis_000192,2024-02-15 02:09:07
vis_003424,2024-02-15 03:18:34
vis_006599,2024-02-15 06:09:18
vis_002410,2024-02-15 07:46:14
vis_006462,2024-02-15 08:02:51
vis_007709,2024-02-15 08:15:55
vis_001240,2024-02-15 10:38:46
vis_005835,2024-02-15 10:41:27
vis_003250,2024-02-15 10:45:30
vis_006518,2024-02-15 11:45:12
vis_000967,2024-02-15 13:46:37
vis_006644,2024-02-15 13:50:39
vis_002305,2024-02-15 13:52:56
vis_007597,2024-02-15 14:36:28
vis_001032,2024-02-15 15:50:41
vis_002086,2024-02-15 18:21:48
vis_007972,2024-02-15 19:24:49
vis_006009,2024-02-15 19:56:16
vis_001326,2024-02-15 21:34:08
vis_003514,2024-02-15 22:23:52
vis_001952,2024-02-15 23:49:40
vis_003227,2024-02-15 23:53:17
vis_006029,2024-02-16 00:31:42
vis_003520,2024-02-16 00:39:49
vis_004121,2024-02-16 01:30:52
vis_006295,2024-02-16 05:12:09
vis_003325,2024-02-16 05:17:32
vis_004446,2024-02-16 08:12:56
vis_006253,2024-02-16 09:26:02
vis_002498,2024-02-16 11:14:25
vis_003353,2024-02-16 11:57:41
vis_000597,2024-02-16 12:53:06
vis_002272,2024-02-16 13:16:12
vis_003991,2024-02-16 14:10:58
vis_002341,2024-02-16 15:09:33
vis_000981,2024-02-16 16:43:44
vis_006103,2024-02-16 17:05:30
vis_004475,2024-02-16 17:12:02
vis_001877,2024-02-16 18:41:10
vis_002291,2024-02-16 19:40:00
vis_004126,2024-02-16 19:51:14
vis_005754,2024-02-16 20:17:47
vis_002844,2024-02-16 21:06:44
vis_000210,2024-02-16 22:56:52
vis_002361,2024-02-17 00:54:33
vis_005453,2024-02-17 03:27:40
vis_003420,2024-02-17 03:57:46
vis_007697,2024-02-17 07:36:47
vis_005144,2024-02-17 09:38:14
vis_002493,2024-02-17 11:15:43
vis_007057,2024-02-17 12:07:49
vis_002960,2024-02-17 12:08:57
vis_005233,2024-02-17 13:21:27
vis_002725,2024-02-17 14:16:43
vis_006168,2024-02-17 14:35:22
vis_005319,2024-02-17 18:08:54
vis_007591,2024-02-17 21:12:49
vis_005774,2024-02-17 21:46:59
vis_006471,2024-02-17 22:12:47
vis_007367,2024-02-17 22:42:35
vis_004524,2024-02-18 01:08:36
vis_007189,2024-02-18 01:50:43
vis_002974,2024-02-18 05:20:57
vis_004411,2024-02-18 05:43:46
vis_003132,2024-02-18 08:29:45
vis_000340,2024-02-18 08:55:16
vis_002864,2024-02-18 12:57:16
vis_004192,2024-02-18 12:57:35
vis_001597,2024-02-18 14:30:06
vis_004430,2024-02-18 17:35:15
vis_005165,2024-02-18 18:43:46
vis_003242,2024-02-18 19:47:59
vis_005728,2024-02-18 19:49:14
vis_003518,2024-02-18 23:06:36
vis_000065,2024-02-18 23:51:05
vis_005399,2024-02-19 02:18:53
vis_006276,2024-02-19 03:21:04
vis_002707,2024-02-19 05:50:28
vis_006637,2024-02-19 06:11:45
vis_000965,2024-02-19 06:40:40
vis_006465,2024-02-19 10:49:04
vis_000778,2024-02-19 15:43:57
vis_006504,2024-02-19 18:41:29
vis_000610,2024-02-19 19:50:48
vis_000816,2024-02-19 20:21:58
vis_002660,2024-02-19 21:22:45
vis_005618,2024-02-19 23:01:23
vis_006610,2024-02-20 00:37:13
vis_006237,2024-02-20 02:27:46
vis_007171,2024-02-20 02:45:55
vis_000161,2024-02-20 03:25:40
vis_004701,2024-02-20 04:18:47
vis_006880,2024-02-20 04:32:59
vis_002407,2024-02-20 04:44:36
vis_007699,2024-02-20 05:57:16
vis_001967,2024-02-20 06:09:15
vis_000888,2024-02-20 06:11:13
vis_007448,2024-02-20 06:12:26
vis_000324,2024-02-20 07:50:47
vis_004849,2024-02-20 09:16:37
vis_002340,2024-02-20 09:24:49
vis_001470,2024-02-20 09:34:47
vis_007433,2024-02-20 11:46:18
vis_000960,2024-02-20 12:17:36
vis_005566,2024-02-20 12:38:30
vis_004394,2024-02-20 13:57:06
vis_006507,2024-02-20 14:15:51
vis_003230,2024-02-20 14:17:55
vis_006956,2024-02-20 15:21:20
vis_005588,2024-02-20 16:05:59
vis_007332,2024-02-20 16:43:12
vis_007313,2024-02-20 17:00:19
vis_003807,2024-02-20 20:06:38
vis_002821,2024-02-20 20:12:36
vis_004040,2024-02-20 21:07:15
vis_001047,2024-02-20 21:37:51
vis_007340,2024-02-21 01:59:54
vis_005285,2024-02-21 02:11:08
vis_004241,2024-02-21 02:30:16
vis_000823,2024-02-21 02:51:45
vis_007553,2024-02-21 03:05:30
vis_006066,2024-02-21 03:22:12
vis_004305,2024-02-21 03:48:35
vis_002227,2024-02-21 03:53:09
vis_002239,2024-02-21 04:50:36
vis_002075,2024-02-21 05:37:36
vis_007921,2024-02-21 09:05:26
vis_006658,2024-02-21 09:36:32
vis_001188,2024-02-21 11:40:35
vis_002897,2024-02-21 11:51:30
vis_000356,2024-02-21 12:54:15
vis_007123,2024-02-21 15:20:01
vis_004380,2024-02-21 17:13:21
vis_005531,2024-02-21 20:19:07
vis_005529,2024-02-21 20:49:09
vis_005103,2024-02-21 21:21:15
vis_001045,2024-02-21 22:59:27
vis_003167,2024-02-21 23:18:07
vis_001795,2024-02-22 02:02:18
vis_000169,2024-02-22 02:05:16
vis_006678,2024-02-22 02:08:25
vis_006833,2024-02-22 02:44:23
vis_000674,2024-02-22 04:11:00
vis_004251,2024-02-22 04:19:05
vis_002775,2024-02-22 05:32:30
vis_000230,2024-02-22 06:26:43
vis_001288,2024-02-22 07:52:27
vis_000582,2024-02-22 08:22:51
vis_004283,2024-02-22 08:24:42
vis_002598,2024-02-22 09:25:56
vis_001455,2024-02-22 09:30:27
vis_004531,2024-02-22 13:00:54
vis_005812,2024-02-22 14:40:06
vis_007512,2024-02-22 14:57:43
vis_004406,2024-02-22 15:31:21
vis_003166,2024-02-22 17:28:16
vis_007701,2024-02-22 17:35:42
vis_000725,2024-02-22 20:49:02
vis_001767,2024-02-22 21:29:11
vis_002112,2024-02-22 22:33:47
vis_000335,2024-02-22 22:37:06
vis_003862,2024-02-22 23:00:20
vis_005332,2024-02-22 23:43:19
vis_005675,2024-02-23 01:12:04
vis_004830,2024-02-23 01:40:45
vis_000480,2024-02-23 02:11:20
vis_005140,2024-02-23 04:22:57
vis_002548,2024-02-23 05:00:56
vis_003268,2024-02-23 05:23:19
vis_002452,2024-02-23 07:12:52
vis_000357,2024-02-23 08:37:26
vis_004356,2024-02-23 08:59:25
vis_005093,2024-02-23 09:10:34
vis_002812,2024-02-23 10:58:29
vis_006737,2024-02-23 12:34:52
vis_006905,2024-02-23 12:43:58
vis_005976,2024-02-23 12:47:25
vis_000321,2024-02-23 13:39:13
vis_000792,2024-02-23 15:24:45
vis_005736,2024-02-23 17:07:32
vis_007581,2024-02-23 19:28:13
vis_000804,2024-02-24 02:50:24
vis_005413,2024-02-24 07:35:31
vis_007573,2024-02-24 07:58:49
vis_000043,2024-02-24 08:31:03
vis_007874,2024-02-24 08:59:03
vis_007772,2024-02-24 11:02:20
vis_004389,2024-02-24 12:26:33
vis_001344,2024-02-24 13:22:24
vis_000294,2024-02-24 15:47:21
vis_001766,2024-02-24 16:24:37
vis_005160,2024-02-24 16:31:51
vis_003769,2024-02-24 17:10:40
vis_004100,2024-02-24 20:13:52
vis_006549,2024-02-24 21:27:59
vis_003551,2024-02-24 22:04:42
vis_002321,2024-02-24 22:11:28
vis_004449,2024-02-24 22:47:07
vis_007511,2024-02-25 01:19:36
vis_001454,2024-02-25 06:08:52
vis_005668,2024-02-25 07:49:32
vis_000718,2024-02-25 08:15:22
vis_006116,2024-02-25 11:27:33
vis_006798,2024-02-25 13:05:02
vis_006682,2024-02-25 14:17:15
vis_007649,2024-02-25 14:34:31
vis_006454,2024-02-25 16:34:43
vis_005431,2024-02-25 17:09:56
vis_004099,2024-02-25 18:23:25
vis_002887,2024-02-25 18:37:43
vis_000748,2024-02-25 20:28:40
vis_007073,2024-02-25 20:47:00
vis_006005,2024-02-25 21:10:54
vis_004206,2024-02-26 01:01:31
vis_005150,2024-02-26 01:57:08
vis_003293,2024-02-26 03:20:39
vis_007995,2024-02-26 03:26:48
vis_003698,2024-02-26 03:59:20
vis_006958,2024-02-26 04:12:54
vis_002839,2024-02-26 04:27:16
vis_004369,2024-02-26 05:01:55
vis_002990,2024-02-26 08:08:45
vis_000420,2024-02-26 08:54:29
vis_003987,2024-02-26 15:15:18
vis_000038,2024-02-26 17:40:59
vis_004771,2024-02-26 19:25:08
vis_002463,2024-02-26 19:58:14
vis_003851,2024-02-26 20:30:35
vis_004128,2024-02-26 22:26:09
vis_006656,2024-02-27 03:03:14
vis_004208,2024-02-27 05:00:22
vis_005274,2024-02-27 06:43:10
vis_001459,2024-02-27 08:01:56
vis_007931,2024-02-27 10:06:01
vis_003483,2024-02-27 10:37:16
vis_007210,2024-02-27 13:48:18
vis_007051,2024-02-27 15:51:28
vis_004951,2024-02-27 16:05:45
vis_003232,2024-02-27 16:22:24
vis_001491,2024-02-27 16:22:34
vis_000085,2024-02-27 17:41:40
vis_007344,2024-02-27 20:57:24
vis_000241,2024-02-27 21:29:33
vis_004497,2024-02-27 21:36:34
vis_004213,2024-02-27 21:47:37
vis_005291,2024-02-28 00:04:37
vis_007033,2024-02-28 00:10:24
vis_000444,2024-02-28 00:26:11
vis_003025,2024-02-28 00:28:54
vis_006830,2024-02-28 00:36:57
vis_004649,2024-02-28 01:37:53
vis_001900,2024-02-28 02:27:29
vis_005697,2024-02-28 02:52:38
vis_003140,2024-02-28 04:50:11
vis_002539,2024-02-28 06:41:36
vis_007663,2024-02-28 07:18:36
vis_001287,2024-02-28 08:11:06
vis_001983,2024-02-28 10:04:34
vis_006037,2024-02-28 10:31:34
vis_002592,2024-02-28 10:56:23
vis_006028,2024-02-28 12:22:20
vis_000229,2024-02-28 12:59:47
vis_005236,2024-02-28 13:23:38
vis_004223,2024-02-28 14:03:33
vis_003532,2024-02-28 16:07:32
vis_005797,2024-02-28 18:14:25
vis_006330,2024-02-28 19:44:54
vis_002188,2024-02-28 21:09:30
vis_002882,2024-02-28 21:30:15
vis_004486,2024-02-28 22:10:23
vis_006840,2024-02-28 23:39:51
vis_006888,2024-02-28 23:44:32
vis_006760,2024-02-28 23:46:13
vis_007805,2024-02-29 02:45:40
vis_000976,2024-02-29 03:11:21
vis_007930,2024-02-29 03:45:49
vis_000552,2024-02-29 03:52:35
vis_005576,2024-02-29 04:00:46
vis_004927,2024-02-29 05:49:55
vis_006818,2024-02-29 08:35:58
vis_002814,2024-02-29 08:58:28
vis_007934,2024-02-29 09:22:28
vis_003571,2024-02-29 11:24:28
vis_003086,2024-02-29 11:47:23
vis_003282,2024-02-29 12:51:13
vis_007236,2024-02-29 12:57:17
vis_006061,2024-02-29 13:30:42
vis_003761,2024-02-29 18:49:40
vis_000484,2024-02-29 18:50:16
vis_000093,2024-02-29 19:37:26
vis_006665,2024-02-29 21:24:46
vis_004818,2024-02-29 21:35:11
vis_004569,2024-02-29 23:45:25
vis_006049,2024-03-01 00:13:30
vis_005931,2024-03-01 01:19:26
vis_007973,2024-03-01 01:38:33
vis_002512,2024-03-01 01:50:34
vis_005134,2024-03-01 02:16:47
vis_000891,2024-03-01 03:09:44
vis_003072,2024-03-01 03:17:36
vis_002774,2024-03-01 03:37:17
vis_002940,2024-03-01 05:48:50
vis_002200,2024-03-01 07:08:21
vis_007375,2024-03-01 07:28:26
vis_006957,2024-03-01 09:27:55
vis_007898,2024-03-01 12:51:17
vis_006343,2024-03-01 15:27:13
vis_006208,2024-03-01 15:32:01
vis_001441,2024-03-01 16:10:33
vis_005930,2024-03-01 16:37:16
vis_007932,2024-03-01 16:50:40
vis_000941,2024-03-01 17:57:35
vis_004286,2024-03-01 18:37:03
vis_003896,2024-03-01 18:50:16
vis_006756,2024-03-01 19:37:18
vis_006214,2024-03-01 21:03:47
vis_006078,2024-03-01 22:00:07
vis_002226,2024-03-01 23:37:49
vis_004456,2024-03-02 00:44:18
vis_004008,2024-03-02 00:46:38
vis_001739,2024-03-02 01:43:01
vis_003706,2024-03-02 02:03:53
vis_001857,2024-03-02 02:46:30
vis_007562,2024-03-02 03:11:03
vis_000236,2024-03-02 03:33:13
vis_002331,2024-03-02 04:08:47
vis_004496,2024-03-02 06:49:48
vis_004971,2024-03-02 08:52:51
vis_004876,2024-03-02 10:08:03
vis_002587,2024-03-02 10:49:13
vis_006300,2024-03-02 12:07:36
vis_007564,2024-03-02 12:15:05
vis_007348,2024-03-02 17:43:40
vis_006352,2024-03-02 20:04:50
vis_001590,2024-03-02 20:05:50
vis_006039,2024-03-02 20:36:49
vis_001016,2024-03-02 20:41:08
vis_003318,2024-03-02 22:13:52
vis_003521,2024-03-02 22:44:56
vis_000021,2024-03-03 01:32:13
vis_002060,2024-03-03 01:33:47
vis_001125,2024-03-03 02:46:43
vis_005333,2024-03-03 04:19:58
vis_001214,2024-03-03 04:54:55
vis_004705,2024-03-03 06:07:34
vis_001977,2024-03-03 14:10:04
vis_000656,2024-03-03 15:04:49
vis_000223,2024-03-03 15:49:41
vis_000540,2024-03-03 17:18:02
vis_002118,2024-03-03 19:48:44
vis_005211,2024-03-03 22:42:05
vis_007849,2024-03-03 23:41:51
vis_001598,2024-03-04 02:00:02
vis_002746,2024-03-04 02:43:23
vis_007255,2024-03-04 02:56:20
vis_004810,2024-03-04 04:14:24
vis_000873,2024-03-04 04:14:39
vis_004898,2024-03-04 05:28:16
vis_004931,2024-03-04 05:33:20
vis_005118,2024-03-04 05:52:21
vis_000009,2024-03-04 06:54:03
vis_005991,2024-03-04 07:57:29
vis_007614,2024-03-04 09:05:58
vis_001655,2024-03-04 12:14:24
vis_005646,2024-03-04 15:34:31
vis_005109,2024-03-04 15:37:53
vis_002377,2024-03-04 15:49:54
vis_003210,2024-03-04 15:53:52
vis_002205,2024-03-04 16:17:35
vis_003090,2024-03-04 17:24:05
vis_001254,2024-03-04 23:09:06
vis_001275,2024-03-05 01:22:20
vis_006248,2024-03-05 02:38:20
vis_002968,2024-03-05 03:25:24
vis_005882,2024-03-05 05:07:49
vis_006812,2024-03-05 06:47:17
vis_004035,2024-03-05 07:49:11
vis_003917,2024-03-05 09:16:39
vis_007984,2024-03-05 09:54:45
vis_002279,2024-03-05 10:53:28
vis_007093,2024-03-05 20:02:22
vis_007840,2024-03-05 21:34:07
vis_007437,2024-03-05 21:38:25
vis_001708,2024-03-05 23:35:09
vis_004443,2024-03-06 01:20:12
vis_003466,2024-03-06 01:40:23
vis_003473,2024-03-06 03:01:46
vis_003515,2024-03-06 03:44:37
vis_001357,2024-03-06 04:53:08
vis_003047,2024-03-06 05:58:14
vis_000063,2024-03-06 07:07:06
vis_000808,2024-03-06 08:47:44
vis_007213,2024-03-06 09:43:09
vis_001649,2024-03-06 09:55:31
vis_003644,2024-03-06 10:17:34
vis_003428,2024-03-06 11:17:08
vis_006318,2024-03-06 11:17:10
vis_006287,2024-03-06 12:02:27
vis_001423,2024-03-06 13:51:02
vis_001613,2024-03-06 15:13:56
vis_000874,2024-03-06 15:35:28
vis_003616,2024-03-06 16:39:42
vis_001737,2024-03-06 17:48:13
vis_007256,2024-03-06 18:39:55
vis_005696,2024-03-06 19:13:11
vis_001658,2024-03-06 19:57:23
vis_002478,2024-03-06 22:07:09
vis_002935,2024-03-07 00:19:50
vis_006195,2024-03-07 00:25:50
vis_003356,2024-03-07 00:33:57
vis_006124,2024-03-07 01:16:53
vis_000016,2024-03-07 01:24:32
vis_007905,2024-03-07 04:50:11
vis_002627,2024-03-07 06:34:54
vis_006545,2024-03-07 09:30:13
vis_001108,2024-03-07 10:09:41
vis_001793,2024-03-07 11:36:04
vis_002214,2024-03-07 13:10:22
vis_002711,2024-03-07 13:12:53
vis_001601,2024-03-07 14:20:07
vis_004508,2024-03-07 17:05:45
vis_001774,2024-03-07 17:16:47
vis_005275,2024-03-07 18:25:55
vis_001191,2024-03-07 20:33:30
vis_004215,2024-03-07 21:43:26
vis_004580,2024-03-07 22:13:52
vis_000248,2024-03-07 22:23:22
vis_005941,2024-03-07 22:54:57
vis_005278,2024-03-08 01:02:40
vis_004690,2024-03-08 01:59:54
vis_004474,2024-03-08 04:20:07
vis_002294,2024-03-08 05:03:03
vis_000573,2024-03-08 06:06:01
vis_007418,2024-03-08 06:57:57
vis_003066,2024-03-08 08:04:01
vis_001887,2024-03-08 08:26:18
vis_007802,2024-03-08 09:23:13
vis_005884,2024-03-08 10:20:34
vis_001228,2024-03-08 12:58:57
vis_000982,2024-03-08 14:58:46
vis_007689,2024-03-08 18:47:37
vis_002397,2024-03-08 20:50:27
vis_003490,2024-03-08 21:42:22
vis_007537,2024-03-08 22:11:52
vis_003531,2024-03-08 22:41:04
vis_004052,2024-03-08 22:58:16
vis_007427,2024-03-08 23:03:46
vis_004707,2024-03-08 23:18:08
vis_000094,2024-03-08 23:28:07
vis_004879,2024-03-09 00:19:27
vis_003378,2024-03-09 02:49:23
vis_006567,2024-03-09 03:13:30
vis_000135,2024-03-09 04:51:20
vis_000291,2024-03-09 05:03:38
vis_005772,2024-03-09 05:46:11
vis_004385,2024-03-09 06:55:20
vis_004568,2024-03-09 13:47:06
vis_003206,2024-03-09 14:26:04
vis_005486,2024-03-09 14:35:15
vis_007301,2024-03-09 16:10:22
vis_005681,2024-03-09 16:21:55
vis_006429,2024-03-09 16:51:00
vis_003945,2024-03-09 18:18:56
vis_003346,2024-03-09 18:21:05
vis_006674,2024-03-09 18:31:14
vis_002889,2024-03-09 23:10:23
vis_004837,2024-03-10 00:16:23
vis_002739,2024-03-10 04:32:58
vis_001129,2024-03-10 04:41:06
vis_004681,2024-03-10 06:37:15
vis_003670,2024-03-10 07:25:53
vis_001868,2024-03-10 11:35:11
vis_006134,2024-03-10 12:42:51
vis_003434,2024-03-10 15:08:25
vis_006193,2024-03-10 16:33:02
vis_004765,2024-03-10 18:14:58
vis_007637,2024-03-10 18:44:01
vis_004559,2024-03-10 19:19:33
vis_002556,2024-03-10 20:34:27
vis_007411,2024-03-10 23:27:14
vis_001067,2024-03-11 01:19:35
vis_003635,2024-03-11 02:10:33
vis_004019,2024-03-11 04:20:09
vis_004237,2024-03-11 10:43:34
vis_005534,2024-03-11 12:03:46
vis_005503,2024-03-11 12:22:10
vis_002899,2024-03-11 12:24:03
vis_003833,2024-03-11 13:24:50
vis_004349,2024-03-11 13:37:40
vis_006966,2024-03-11 14:55:55
vis_005604,2024-03-11 16:08:24
vis_004377,2024-03-11 18:44:53
vis_004532,2024-03-11 19:08:13
vis_007868,2024-03-11 19:08:59
vis_005366,2024-03-11 20:36:38
vis_004405,2024-03-11 21:26:14
vis_004775,2024-03-11 22:05:41
vis_004820,2024-03-11 23:10:24
vis_007907,2024-03-12 02:13:28
vis_005850,2024-03-12 03:50:06
vis_005264,2024-03-12 05:03:36
vis_006305,2024-03-12 06:37:48
vis_002290,2024-03-12 08:45:29
vis_006150,2024-03-12 11:06:16
vis_007767,2024-03-12 11:19:28
vis_001728,2024-03-12 11:40:46
vis_005490,2024-03-12 11:59:36
vis_001543,2024-03-12 12:26:55
vis_001931,2024-03-12 14:53:48
vis_000087,2024-03-12 16:13:11
vis_001908,2024-03-12 16:44:19
vis_004997,2024-03-12 16:46:00
vis_000257,2024-03-12 16:55:22
vis_005619,2024-03-12 17:37:29
vis_007011,2024-03-12 17:58:46
vis_000425,2024-03-12 18:01:30
vis_007305,2024-03-12 18:21:21
vis_004010,2024-03-12 23:13:00
vis_000836,2024-03-13 00:02:39
vis_004333,2024-03-13 00:06:30
vis_006520,2024-03-13 04:41:50
vis_001386,2024-03-13 04:53:30
vis_003239,2024-03-13 06:15:33
vis_004106,2024-03-13 06:19:40
vis_007480,2024-03-13 06:29:53
vis_004205,2024-03-13 07:54:33
vis_005245,2024-03-13 08:34:56
vis_002238,2024-03-13 08:35:18
vis_004795,2024-03-13 08:58:40
vis_000661,2024-03-13 12:50:43
vis_000963,2024-03-13 12:51:04
vis_003371,2024-03-13 14:34:38
vis_007944,2024-03-13 17:20:15
vis_001156,2024-03-13 17:23:58
vis_002289,2024-03-13 18:14:49
vis_003440,2024-03-13 21:15:03
vis_003629,2024-03-13 21:34:00
vis_001666,2024-03-13 22:02:58
vis_007034,2024-03-13 22:25:39
vis_007458,2024-03-13 23:24:42
vis_000463,2024-03-13 23:25:55
vis_000057,2024-03-14 01:25:33
vis_007242,2024-03-14 02:34:04
vis_002316,2024-03-14 02:37:48
vis_007159,2024-03-14 02:38:22
vis_006349,2024-03-14 02:58:20
vis_005309,2024-03-14 02:59:37
vis_003545,2024-03-14 05:01:07
vis_005581,2024-03-14 08:23:32
vis_004164,2024-03-14 08:43:30
vis_002499,2024-03-14 09:19:34
vis_007347,2024-03-14 12:02:58
vis_004922,2024-03-14 12:06:46
vis_006229,2024-03-14 14:32:27
vis_006557,2024-03-14 15:15:50
vis_004336,2024-03-14 15:34:02
vis_004493,2024-03-14 15:55:14
vis_006490,2024-03-14 17:18:23
vis_002687,2024-03-14 17:52:22
vis_002688,2024-03-14 18:06:58
vis_001646,2024-03-14 21:03:49
vis_004457,2024-03-14 21:52:32
vis_007139,2024-03-14 22:13:45
vis_005865,2024-03-14 22:52:39
vis_003442,2024-03-15 00:08:03
vis_002245,2024-03-15 01:16:38
vis_005042,2024-03-15 04:18:18
vis_000663,2024-03-15 05:09:29
vis_003128,2024-03-15 08:01:26
vis_005724,2024-03-15 09:03:23
vis_006395,2024-03-15 09:07:49
vis_005543,2024-03-15 09:16:06
vis_000807,2024-03-15 09:21:59
vis_002536,2024-03-15 10:25:12
vis_000559,2024-03-15 10:33:30
vis_006806,2024-03-15 13:56:50
vis_003800,2024-03-15 15:26:54
vis_003789,2024-03-15 17:26:32
vis_007626,2024-03-15 18:27:25
vis_001744,2024-03-15 18:59:15
vis_007959,2024-03-15 19:43:39
vis_001162,2024-03-15 19:52:57
vis_004066,2024-03-15 20:14:24
vis_005484,2024-03-15 21:52:33
vis_004442,2024-03-15 22:17:47
vis_004110,2024-03-15 23:49:31
vis_007082,2024-03-16 00:10:08
vis_001231,2024-03-16 00:49:00
vis_004222,2024-03-16 01:25:38
vis_006856,2024-03-16 04:10:55
vis_000492,2024-03-16 07:10:50
vis_001411,2024-03-16 11:19:50
vis_006598,2024-03-16 11:26:13
vis_005700,2024-03-16 13:28:14
vis_003129,2024-03-16 14:20:46
vis_002623,2024-03-16 14:52:21
vis_001207,2024-03-16 16:01:22
vis_001314,2024-03-16 18:30:50
vis_004003,2024-03-16 18:58:38
vis_000676,2024-03-16 21:12:16
vis_007893,2024-03-16 22:27:54
vis_000168,2024-03-17 01:02:53
vis_002266,2024-03-17 02:10:30
vis_005329,2024-03-17 02:29:35
vis_000987,2024-03-17 02:56:56
vis_006283,2024-03-17 02:58:14
vis_003641,2024-03-17 03:15:53
vis_004811,2024-03-17 03:27:17
vis_007382,2024-03-17 04:43:19
vis_001244,2024-03-17 05:45:22
vis_002723,2024-03-17 11:10:44
vis_002778,2024-03-17 11:57:07
vis_006390,2024-03-17 11:59:09
vis_004142,2024-03-17 14:46:17
vis_002683,2024-03-17 15:00:09
vis_003407,2024-03-17 16:07:43
vis_003087,2024-03-17 16:43:09
vis_003500,2024-03-17 16:59:20
vis_003920,2024-03-17 18:34:30
vis_001340,2024-03-17 18:49:40
vis_005791,2024-03-17 20:38:49
vis_005626,2024-03-17 22:02:00
vis_002939,2024-03-17 22:10:15
vis_007938,2024-03-17 22:59:30
vis_002666,2024-03-17 23:54:33
vis_007714,2024-03-18 00:40:50
vis_005253,2024-03-18 01:13:42
vis_004055,2024-03-18 01:51:48
vis_002588,2024-03-18 04:37:52
vis_004896,2024-03-18 05:31:01
vis_007020,2024-03-18 07:33:40
vis_002630,2024-03-18 08:51:46
vis_007682,2024-03-18 09:39:11
vis_007167,2024-03-18 11:25:22
vis_006120,2024-03-18 12:53:17
vis_006870,2024-03-18 13:31:29
vis_004071,2024-03-18 13:56:59
vis_004746,2024-03-18 16:03:39
vis_007599,2024-03-18 16:54:07
vis_005493,2024-03-18 17:33:48
vis_004946,2024-03-18 17:53:23
vis_006177,2024-03-18 19:29:00
vis_000702,2024-03-18 21:13:21
vis_005001,2024-03-18 22:58:28
vis_003965,2024-03-19 00:58:04
vis_001465,2024-03-19 01:25:03
vis_007852,2024-03-19 02:54:09
vis_007568,2024-03-19 05:44:18
vis_001164,2024-03-19 06:38:10
vis_000729,2024-03-19 08:29:41
vis_002466,2024-03-19 08:51:30
vis_003669,2024-03-19 10:44:13
vis_002058,2024-03-19 13:31:06
vis_002386,2024-03-19 13:42:48
vis_002732,2024-03-19 14:59:09
vis_000369,2024-03-19 15:41:06
vis_002029,2024-03-19 17:38:54
vis_004139,2024-03-19 19:09:35
vis_001369,2024-03-19 21:42:23
vis_002989,2024-03-19 23:04:52
vis_006000,2024-03-20 00:15:19
vis_005737,2024-03-20 02:08:06
vis_003396,2024-03-20 03:34:33
vis_003462,2024-03-20 04:06:02
vis_004682,2024-03-20 07:03:02
vis_004844,2024-03-20 07:21:34
vis_003877,2024-03-20 07:43:07
vis_000479,2024-03-20 08:25:30
vis_000272,2024-03-20 09:45:26
vis_007903,2024-03-20 10:04:43
vis_001282,2024-03-20 10:35:14
vis_005240,2024-03-20 10:43:43
vis_005293,2024-03-20 11:46:33
vis_006296,2024-03-20 13:59:12
vis_006934,2024-03-20 14:05:19
vis_006444,2024-03-20 15:41:07
vis_006492,2024-03-20 15:49:22
vis_005661,2024-03-20 16:09:29
vis_002403,2024-03-20 16:40:35
vis_004801,2024-03-20 17:28:19
vis_004716,2024-03-20 20:29:33
vis_004322,2024-03-20 20:46:44
vis_001301,2024-03-20 22:10:06
vis_004734,2024-03-20 23:12:41
vis_000505,2024-03-21 01:25:41
vis_003586,2024-03-21 01:58:25
vis_006154,2024-03-21 03:57:50
vis_006617,2024-03-21 05:20:26
vis_006555,2024-03-21 07:26:11
vis_005170,2024-03-21 08:15:42
vis_002741,2024-03-21 11:17:36
vis_003116,2024-03-21 11:57:40
vis_001178,2024-03-21 13:02:31
vis_006713,2024-03-21 14:19:14
vis_000147,2024-03-21 15:25:07
vis_000863,2024-03-21 16:20:40
vis_001424,2024-03-21 21:01:35
vis_005478,2024-03-21 22:09:26
vis_006234,2024-03-22 01:45:43
vis_007708,2024-03-22 02:10:16
vis_005749,2024-03-22 04:25:47
vis_004051,2024-03-22 05:46:38
vis_003695,2024-03-22 06:46:10
vis_005365,2024-03-22 07:19:10
vis_007878,2024-03-22 07:47:31
vis_000201,2024-03-22 10:18:14
vis_004822,2024-03-22 11:14:22
vis_004399,2024-03-22 14:13:45
vis_004780,2024-03-22 14:48:03
vis_005753,2024-03-22 15:09:15
vis_000502,2024-03-22 16:37:21
vis_001845,2024-03-22 17:05:29
vis_007152,2024-03-22 17:28:16
vis_006351,2024-03-22 17:38:37
vis_006107,2024-03-22 20:49:45
vis_005052,2024-03-22 21:23:20
vis_002338,2024-03-22 21:57:28
vis_007729,2024-03-22 22:51:32
vis_003834,2024-03-22 23:12:31
vis_006612,2024-03-22 23:47:36
vis_001554,2024-03-23 00:16:07
vis_007728,2024-03-23 00:57:09
vis_004351,2024-03-23 01:08:09
vis_006875,2024-03-23 01:47:39
vis_001475,2024-03-23 02:25:42
vis_003463,2024-03-23 04:36:54
vis_006407,2024-03-23 08:17:51
vis_004572,2024-03-23 09:03:38
vis_004659,2024-03-23 09:35:32
vis_001273,2024-03-23 14:12:38
vis_002134,2024-03-23 15:02:32
vis_005579,2024-03-23 16:02:58
vis_003073,2024-03-23 17:07:47
vis_001884,2024-03-23 18:53:36
vis_003602,2024-03-23 19:01:53
vis_005074,2024-03-23 20:19:38
vis_007124,2024-03-23 20:41:33
vis_007865,2024-03-23 22:24:54
vis_004181,2024-03-23 23:06:31
vis_003175,2024-03-23 23:51:00
vis_001315,2024-03-24 00:56:12
vis_006218,2024-03-24 02:08:39
vis_007912,2024-03-24 02:47:00
vis_004499,2024-03-24 03:28:04
vis_004478,2024-03-24 03:48:23
vis_001120,2024-03-24 04:51:00
vis_005903,2024-03-24 07:55:32
vis_001773,2024-03-24 10:38:19
vis_002151,2024-03-24 11:18:20
vis_002051,2024-03-24 13:30:33
vis_004753,2024-03-24 13:39:25
vis_003377,2024-03-24 14:53:17
vis_006823,2024-03-24 16:07:04
vis_000688,2024-03-24 16:27:44
vis_007724,2024-03-24 19:41:43
vis_002458,2024-03-24 21:03:30
vis_004870,2024-03-24 22:36:36
vis_001570,2024-03-25 02:27:27
vis_003966,2024-03-25 04:06:11
vis_001566,2024-03-25 05:55:30
vis_004002,2024-03-25 06:15:55
vis_001612,2024-03-25 09:49:05
vis_003051,2024-03-25 11:05:14
vis_000342,2024-03-25 12:56:49
vis_005015,2024-03-25 14:49:43
vis_002616,2024-03-25 16:01:41
vis_000271,2024-03-25 16:48:48
vis_007577,2024-03-25 18:47:45
vis_006080,2024-03-25 21:21:28
vis_003054,2024-03-25 21:37:07
vis_003477,2024-03-25 22:39:22
vis_004321,2024-03-26 00:45:46
vis_007640,2024-03-26 01:11:28
vis_005899,2024-03-26 02:16:54
vis_006744,2024-03-26 02:54:51
vis_005279,2024-03-26 04:16:22
vis_004178,2024-03-26 05:15:22
vis_005611,2024-03-26 16:45:45
vis_007264,2024-03-26 16:56:47
vis_006178,2024-03-26 17:42:24
vis_001624,2024-03-26 18:08:23
vis_002632,2024-03-26 23:47:03
vis_000078,2024-03-27 00:05:13
vis_001576,2024-03-27 00:17:04
vis_002348,2024-03-27 05:19:18
vis_005973,2024-03-27 06:23:29
vis_000625,2024-03-27 06:32:20
vis_003451,2024-03-27 06:48:58
vis_002344,2024-03-27 09:57:05
vis_002038,2024-03-27 12:52:42
vis_004955,2024-03-27 13:19:25
vis_007326,2024-03-27 23:44:15
vis_003454,2024-03-28 00:38:38
vis_003764,2024-03-28 01:26:59
vis_002892,2024-03-28 05:45:26
vis_001575,2024-03-28 11:25:28
vis_004841,2024-03-28 14:48:51
vis_003409,2024-03-28 18:02:45
vis_000307,2024-03-29 00:25:16
vis_007400,2024-03-29 08:20:49
vis_004425,2024-03-29 11:34:26
vis_005091,2024-03-29 15:02:33
vis_006034,2024-03-29 20:07:19
vis_002675,2024-03-30 16:13:54
